INSERT INTO USER_ACCOUNT (ID, USERNAME, PASSWORD, SALT, FIRST_NAME, SURNAME, EMAIL) VALUES
  (1, 'User', '541338d92cd0dbf230d7e7666dd99adaea8da7a478f5456947c2445aecea0b1a', 'ad68dc115126d9d1', 'userName', 'userSurname', 'user@gmail.com');
INSERT INTO USER_ACCOUNT (ID, USERNAME, PASSWORD, SALT, FIRST_NAME, SURNAME, EMAIL) VALUES
  (2, 'Admin', 'b03209e6c608cdf3753ab36449703abeab6aa7aab628e569b37a55381d4aa021', '94bd6b18b8f70298', 'adminName', 'adminSurname', 'admin@gmail.com');


INSERT INTO ROLE (ID, NAME) VALUES
  (3, 'USER');
INSERT INTO ROLE (ID, NAME) VALUES
  (4, 'ADMIN');


INSERT INTO PERMISSION (ID, NAME) VALUES
  (5, 'USER_READ');
INSERT INTO PERMISSION (ID, NAME) VALUES
  (6, 'USER_UPDATE');
INSERT INTO PERMISSION (ID, NAME) VALUES
  (7, 'USER_CREATE');
INSERT INTO PERMISSION (ID, NAME) VALUES
  (8, 'USER_DELETE');
INSERT INTO PERMISSION (ID, NAME) VALUES
  (9, 'USER_READ_OWN');
INSERT INTO PERMISSION (ID, NAME) VALUES
  (10, 'USER_UPDATE_OWN');
INSERT INTO PERMISSION (ID, NAME) VALUES
  (11, 'ROLE_READ');
INSERT INTO PERMISSION (ID, NAME) VALUES
  (12, 'ROLE_UPDATE');
INSERT INTO PERMISSION (ID, NAME) VALUES
  (13, 'ROLE_CREATE');
INSERT INTO PERMISSION (ID, NAME) VALUES
  (14, 'ROLE_DELETE');
INSERT INTO PERMISSION (ID, NAME) VALUES
  (15, 'PERMISSION_READ');
INSERT INTO PERMISSION (ID, NAME) VALUES
  (16, 'PERMISSION_UPDATE');
INSERT INTO PERMISSION (ID, NAME) VALUES
  (17, 'PERMISSION_CREATE');
INSERT INTO PERMISSION (ID, NAME) VALUES
  (18, 'PERMISSION_DELETE');
INSERT INTO PERMISSION (ID, NAME) VALUES
  (19, 'CRUD_CLASS_META_DATA_READ');
INSERT INTO PERMISSION (ID, NAME) VALUES
  (20, 'CRUD_CLASS_META_DATA_UPDATE');
INSERT INTO PERMISSION (ID, NAME) VALUES
  (21, 'CRUD_CLASS_META_DATA_CREATE');
INSERT INTO PERMISSION (ID, NAME) VALUES
  (22, 'CRUD_CLASS_META_DATA_DELETE');
INSERT INTO PERMISSION (ID, NAME) VALUES
  (23, 'CRUD_META_FORM_DATA_READ');
INSERT INTO PERMISSION (ID, NAME) VALUES
  (24, 'CRUD_META_FORM_DATA_UPDATE');
INSERT INTO PERMISSION (ID, NAME) VALUES
  (25, 'CRUD_META_FORM_DATA_CREATE');
INSERT INTO PERMISSION (ID, NAME) VALUES
  (26, 'CRUD_META_FORM_DATA_DELETE');
INSERT INTO PERMISSION (ID, NAME) VALUES
  (27, 'CRUD_META_GRID_DATA_READ');
INSERT INTO PERMISSION (ID, NAME) VALUES
  (28, 'CRUD_META_GRID_DATA_UPDATE');
INSERT INTO PERMISSION (ID, NAME) VALUES
  (29, 'CRUD_META_GRID_DATA_CREATE');
INSERT INTO PERMISSION (ID, NAME) VALUES
  (30, 'CRUD_META_GRID_DATA_DELETE');
INSERT INTO PERMISSION (ID, NAME) VALUES
  (31, 'META_DATA_PROPERTY_BINDING_PARAMETER_READ');
INSERT INTO PERMISSION (ID, NAME) VALUES
  (32, 'META_DATA_PROPERTY_BINDING_PARAMETER_UPDATE');
INSERT INTO PERMISSION (ID, NAME) VALUES
  (33, 'META_DATA_PROPERTY_BINDING_PARAMETER_CREATE');
INSERT INTO PERMISSION (ID, NAME) VALUES
  (34, 'META_DATA_PROPERTY_BINDING_PARAMETER_DELETE');
INSERT INTO PERMISSION (ID, NAME) VALUES
  (35, 'CUSTOMER_READ');
INSERT INTO PERMISSION (ID, NAME) VALUES
  (36, 'CUSTOMER_UPDATE');
INSERT INTO PERMISSION (ID, NAME) VALUES
  (37, 'CUSTOMER_CREATE');
INSERT INTO PERMISSION (ID, NAME) VALUES
  (38, 'CUSTOMER_DELETE');
INSERT INTO PERMISSION (ID, NAME) VALUES
  (39, 'CUSTOMER_CONTACT_READ');
INSERT INTO PERMISSION (ID, NAME) VALUES
  (40, 'CUSTOMER_CONTACT_UPDATE');
INSERT INTO PERMISSION (ID, NAME) VALUES
  (41, 'CUSTOMER_CONTACT_CREATE');
INSERT INTO PERMISSION (ID, NAME) VALUES
  (42, 'CUSTOMER_CONTACT_DELETE');
INSERT INTO PERMISSION (ID, NAME) VALUES
  (43, 'DASHBOARD_READ');
INSERT INTO PERMISSION (ID, NAME) VALUES
  (44, 'DASHBOARD_UPDATE');
INSERT INTO PERMISSION (ID, NAME) VALUES
  (45, 'DASHBOARD_CREATE');
INSERT INTO PERMISSION (ID, NAME) VALUES
  (46, 'DASHBOARD_DELETE');
INSERT INTO PERMISSION (ID, NAME) VALUES
  (47, 'DASHBOARD_BOX_READ');
INSERT INTO PERMISSION (ID, NAME) VALUES
  (48, 'DASHBOARD_BOX_UPDATE');
INSERT INTO PERMISSION (ID, NAME) VALUES
  (49, 'DASHBOARD_BOX_CREATE');
INSERT INTO PERMISSION (ID, NAME) VALUES
  (50, 'DASHBOARD_BOX_DELETE');
INSERT INTO PERMISSION (ID, NAME) VALUES
  (51, 'DASHBOARD_BOX_TYPE_READ');
INSERT INTO PERMISSION (ID, NAME) VALUES
  (52, 'DASHBOARD_BOX_TYPE_UPDATE');
INSERT INTO PERMISSION (ID, NAME) VALUES
  (53, 'DASHBOARD_BOX_TYPE_CREATE');
INSERT INTO PERMISSION (ID, NAME) VALUES
  (54, 'DASHBOARD_BOX_TYPE_DELETE');

INSERT INTO USER_ROLE (USER_ID, ROLE_ID) VALUES
  (1, 3);
INSERT INTO USER_ROLE (USER_ID, ROLE_ID) VALUES
  (2, 4);

INSERT INTO ROLE_PERMISSION (ROLE_ID, PERMISSION_ID) VALUES
  (3, 9);
INSERT INTO ROLE_PERMISSION (ROLE_ID, PERMISSION_ID) VALUES
  (3, 10);
INSERT INTO ROLE_PERMISSION (ROLE_ID, PERMISSION_ID) VALUES
  (4, 5);
INSERT INTO ROLE_PERMISSION (ROLE_ID, PERMISSION_ID) VALUES
  (4, 6);
INSERT INTO ROLE_PERMISSION (ROLE_ID, PERMISSION_ID) VALUES
  (4, 7);
INSERT INTO ROLE_PERMISSION (ROLE_ID, PERMISSION_ID) VALUES
  (4, 8);
INSERT INTO ROLE_PERMISSION (ROLE_ID, PERMISSION_ID) VALUES
  (4, 9);
INSERT INTO ROLE_PERMISSION (ROLE_ID, PERMISSION_ID) VALUES
  (4, 10);
INSERT INTO ROLE_PERMISSION (ROLE_ID, PERMISSION_ID) VALUES
  (4, 11);
INSERT INTO ROLE_PERMISSION (ROLE_ID, PERMISSION_ID) VALUES
  (4, 12);
INSERT INTO ROLE_PERMISSION (ROLE_ID, PERMISSION_ID) VALUES
  (4, 13);
INSERT INTO ROLE_PERMISSION (ROLE_ID, PERMISSION_ID) VALUES
  (4, 14);
INSERT INTO ROLE_PERMISSION (ROLE_ID, PERMISSION_ID) VALUES
  (4, 15);
INSERT INTO ROLE_PERMISSION (ROLE_ID, PERMISSION_ID) VALUES
  (4, 16);
INSERT INTO ROLE_PERMISSION (ROLE_ID, PERMISSION_ID) VALUES
  (4, 17);
INSERT INTO ROLE_PERMISSION (ROLE_ID, PERMISSION_ID) VALUES
  (4, 18);
INSERT INTO ROLE_PERMISSION (ROLE_ID, PERMISSION_ID) VALUES
  (4, 19);
INSERT INTO ROLE_PERMISSION (ROLE_ID, PERMISSION_ID) VALUES
  (4, 20);
INSERT INTO ROLE_PERMISSION (ROLE_ID, PERMISSION_ID) VALUES
  (4, 21);
INSERT INTO ROLE_PERMISSION (ROLE_ID, PERMISSION_ID) VALUES
  (4, 22);
INSERT INTO ROLE_PERMISSION (ROLE_ID, PERMISSION_ID) VALUES
  (4, 23);
INSERT INTO ROLE_PERMISSION (ROLE_ID, PERMISSION_ID) VALUES
  (4, 24);
INSERT INTO ROLE_PERMISSION (ROLE_ID, PERMISSION_ID) VALUES
  (4, 25);
INSERT INTO ROLE_PERMISSION (ROLE_ID, PERMISSION_ID) VALUES
  (4, 26);
INSERT INTO ROLE_PERMISSION (ROLE_ID, PERMISSION_ID) VALUES
  (4, 27);
INSERT INTO ROLE_PERMISSION (ROLE_ID, PERMISSION_ID) VALUES
  (4, 28);
INSERT INTO ROLE_PERMISSION (ROLE_ID, PERMISSION_ID) VALUES
  (4, 29);
INSERT INTO ROLE_PERMISSION (ROLE_ID, PERMISSION_ID) VALUES
  (4, 30);
INSERT INTO ROLE_PERMISSION (ROLE_ID, PERMISSION_ID) VALUES
  (4, 31);
INSERT INTO ROLE_PERMISSION (ROLE_ID, PERMISSION_ID) VALUES
  (4, 32);
INSERT INTO ROLE_PERMISSION (ROLE_ID, PERMISSION_ID) VALUES
  (4, 33);
INSERT INTO ROLE_PERMISSION (ROLE_ID, PERMISSION_ID) VALUES
  (4, 34);
INSERT INTO ROLE_PERMISSION (ROLE_ID, PERMISSION_ID) VALUES
  (4, 35);
INSERT INTO ROLE_PERMISSION (ROLE_ID, PERMISSION_ID) VALUES
  (4, 36);
INSERT INTO ROLE_PERMISSION (ROLE_ID, PERMISSION_ID) VALUES
  (4, 37);
INSERT INTO ROLE_PERMISSION (ROLE_ID, PERMISSION_ID) VALUES
  (4, 38);
INSERT INTO ROLE_PERMISSION (ROLE_ID, PERMISSION_ID) VALUES
  (4, 39);
INSERT INTO ROLE_PERMISSION (ROLE_ID, PERMISSION_ID) VALUES
  (4, 40);
INSERT INTO ROLE_PERMISSION (ROLE_ID, PERMISSION_ID) VALUES
  (4, 41);
INSERT INTO ROLE_PERMISSION (ROLE_ID, PERMISSION_ID) VALUES
  (4, 42);
INSERT INTO ROLE_PERMISSION (ROLE_ID, PERMISSION_ID) VALUES
  (4, 43);
INSERT INTO ROLE_PERMISSION (ROLE_ID, PERMISSION_ID) VALUES
  (4, 44);
INSERT INTO ROLE_PERMISSION (ROLE_ID, PERMISSION_ID) VALUES
  (4, 45);
INSERT INTO ROLE_PERMISSION (ROLE_ID, PERMISSION_ID) VALUES
  (4, 46);
INSERT INTO ROLE_PERMISSION (ROLE_ID, PERMISSION_ID) VALUES
  (4, 47);
INSERT INTO ROLE_PERMISSION (ROLE_ID, PERMISSION_ID) VALUES
  (4, 48);
INSERT INTO ROLE_PERMISSION (ROLE_ID, PERMISSION_ID) VALUES
  (4, 49);
INSERT INTO ROLE_PERMISSION (ROLE_ID, PERMISSION_ID) VALUES
  (4, 50);
INSERT INTO ROLE_PERMISSION (ROLE_ID, PERMISSION_ID) VALUES
  (4, 51);
INSERT INTO ROLE_PERMISSION (ROLE_ID, PERMISSION_ID) VALUES
  (4, 52);
INSERT INTO ROLE_PERMISSION (ROLE_ID, PERMISSION_ID) VALUES
  (4, 53);
INSERT INTO ROLE_PERMISSION (ROLE_ID, PERMISSION_ID) VALUES
  (4, 54);


INSERT INTO CRUD_CLASS_META_DATA (ID, CLASS_NAME, TITLE_COLUMNS, EDITABLE, QUERY_NAME) VALUES
  (55, 'CrudMetaGridData', 'columnWidth', true, null);
INSERT INTO CRUD_CLASS_META_DATA (ID, CLASS_NAME, TITLE_COLUMNS, EDITABLE, QUERY_NAME) VALUES
  (56, 'CrudMetaFormData', 'fieldLayoutGridPosition', true, null);
INSERT INTO CRUD_CLASS_META_DATA (ID, CLASS_NAME, TITLE_COLUMNS, EDITABLE, QUERY_NAME) VALUES
  (57, 'CrudClassMetaData', 'class', true, null);
INSERT INTO CRUD_CLASS_META_DATA (ID, CLASS_NAME, TITLE_COLUMNS, EDITABLE, QUERY_NAME) VALUES
  (58, 'Customer', 'customerId', true, null);
INSERT INTO CRUD_CLASS_META_DATA (ID, CLASS_NAME, TITLE_COLUMNS, EDITABLE, QUERY_NAME) VALUES
  (59, 'User', 'name', true, null);
INSERT INTO CRUD_CLASS_META_DATA (ID, CLASS_NAME, TITLE_COLUMNS, EDITABLE, QUERY_NAME) VALUES
  (60, 'MetaDataPropertyBindingParameter', 'operator', true, null);
INSERT INTO CRUD_CLASS_META_DATA (ID, CLASS_NAME, TITLE_COLUMNS, EDITABLE, QUERY_NAME) VALUES
  (61, 'Dashboard', 'name', true, null);
INSERT INTO CRUD_CLASS_META_DATA (ID, CLASS_NAME, TITLE_COLUMNS, EDITABLE, QUERY_NAME) VALUES
  (62, 'DashboardBox', 'name', true, null);
INSERT INTO CRUD_CLASS_META_DATA (ID, CLASS_NAME, TITLE_COLUMNS, EDITABLE, QUERY_NAME) VALUES
  (63, 'DashboardBoxType', 'name', true, null);

INSERT INTO CRUD_META_FORM_DATA (ID, PROPERTY, EDITABLE, VISIBLE, DECORATOR, ORDER_NUMBER, CRUD_CLASS_META_DATA, FIELD_LAYOUT_GRID_POSITION) VALUES
  (64, 'fromProperty', true, true, null, 1.0, 60, null);
INSERT INTO CRUD_META_FORM_DATA (ID, PROPERTY, EDITABLE, VISIBLE, DECORATOR, ORDER_NUMBER, CRUD_CLASS_META_DATA, FIELD_LAYOUT_GRID_POSITION) VALUES
  (65, 'toProperty', true, true, null, 2.0, 60, null);
INSERT INTO CRUD_META_FORM_DATA (ID, PROPERTY, EDITABLE, VISIBLE, DECORATOR, ORDER_NUMBER, CRUD_CLASS_META_DATA, FIELD_LAYOUT_GRID_POSITION) VALUES
  (66, 'combineOperator', true, true, null, 3.0, 60, null);
INSERT INTO CRUD_META_FORM_DATA (ID, PROPERTY, EDITABLE, VISIBLE, DECORATOR, ORDER_NUMBER, CRUD_CLASS_META_DATA, FIELD_LAYOUT_GRID_POSITION) VALUES
  (67, 'operator', true, true, null, 4.0, 60, null);
INSERT INTO CRUD_META_FORM_DATA (ID, PROPERTY, EDITABLE, VISIBLE, DECORATOR, ORDER_NUMBER, CRUD_CLASS_META_DATA, FIELD_LAYOUT_GRID_POSITION) VALUES
  (68, 'columnWidth', true, true, null, 1.0, 55, null);
INSERT INTO CRUD_META_FORM_DATA (ID, PROPERTY, EDITABLE, VISIBLE, DECORATOR, ORDER_NUMBER, CRUD_CLASS_META_DATA, FIELD_LAYOUT_GRID_POSITION) VALUES
  (69, 'property', true, true, null, 2.0, 55, null);
INSERT INTO CRUD_META_FORM_DATA (ID, PROPERTY, EDITABLE, VISIBLE, DECORATOR, ORDER_NUMBER, CRUD_CLASS_META_DATA, FIELD_LAYOUT_GRID_POSITION) VALUES
  (70, 'editable', true, true, null, 3.0, 55, null);
INSERT INTO CRUD_META_FORM_DATA (ID, PROPERTY, EDITABLE, VISIBLE, DECORATOR, ORDER_NUMBER, CRUD_CLASS_META_DATA, FIELD_LAYOUT_GRID_POSITION) VALUES
  (71, 'visible', true, true, null, 4.0, 55, null);
INSERT INTO CRUD_META_FORM_DATA (ID, PROPERTY, EDITABLE, VISIBLE, DECORATOR, ORDER_NUMBER, CRUD_CLASS_META_DATA, FIELD_LAYOUT_GRID_POSITION) VALUES
  (72, 'decorator', true, true, null, 5.0, 55, null);
INSERT INTO CRUD_META_FORM_DATA (ID, PROPERTY, EDITABLE, VISIBLE, DECORATOR, ORDER_NUMBER, CRUD_CLASS_META_DATA, FIELD_LAYOUT_GRID_POSITION) VALUES
  (73, 'order', true, true, null, 6.0, 55, null);
INSERT INTO CRUD_META_FORM_DATA (ID, PROPERTY, EDITABLE, VISIBLE, DECORATOR, ORDER_NUMBER, CRUD_CLASS_META_DATA, FIELD_LAYOUT_GRID_POSITION) VALUES
  (74, 'crudClassMetaData', true, true, null, 7.0, 55, null);
INSERT INTO CRUD_META_FORM_DATA (ID, PROPERTY, EDITABLE, VISIBLE, DECORATOR, ORDER_NUMBER, CRUD_CLASS_META_DATA, FIELD_LAYOUT_GRID_POSITION) VALUES
  (75, 'bingingProperties', true, true, null, 8.0, 55, null);
INSERT INTO CRUD_META_FORM_DATA (ID, PROPERTY, EDITABLE, VISIBLE, DECORATOR, ORDER_NUMBER, CRUD_CLASS_META_DATA, FIELD_LAYOUT_GRID_POSITION) VALUES
  (76, 'fieldLayoutGridPosition', true, true, null, 1.0, 56, null);
INSERT INTO CRUD_META_FORM_DATA (ID, PROPERTY, EDITABLE, VISIBLE, DECORATOR, ORDER_NUMBER, CRUD_CLASS_META_DATA, FIELD_LAYOUT_GRID_POSITION) VALUES
  (77, 'property', true, true, null, 2.0, 56, null);
INSERT INTO CRUD_META_FORM_DATA (ID, PROPERTY, EDITABLE, VISIBLE, DECORATOR, ORDER_NUMBER, CRUD_CLASS_META_DATA, FIELD_LAYOUT_GRID_POSITION) VALUES
  (78, 'editable', true, true, null, 3.0, 56, null);
INSERT INTO CRUD_META_FORM_DATA (ID, PROPERTY, EDITABLE, VISIBLE, DECORATOR, ORDER_NUMBER, CRUD_CLASS_META_DATA, FIELD_LAYOUT_GRID_POSITION) VALUES
  (79, 'visible', true, true, null, 4.0, 56, null);
INSERT INTO CRUD_META_FORM_DATA (ID, PROPERTY, EDITABLE, VISIBLE, DECORATOR, ORDER_NUMBER, CRUD_CLASS_META_DATA, FIELD_LAYOUT_GRID_POSITION) VALUES
  (80, 'decorator', true, true, null, 5.0, 56, null);
INSERT INTO CRUD_META_FORM_DATA (ID, PROPERTY, EDITABLE, VISIBLE, DECORATOR, ORDER_NUMBER, CRUD_CLASS_META_DATA, FIELD_LAYOUT_GRID_POSITION) VALUES
  (81, 'order', true, true, null, 6.0, 56, null);
INSERT INTO CRUD_META_FORM_DATA (ID, PROPERTY, EDITABLE, VISIBLE, DECORATOR, ORDER_NUMBER, CRUD_CLASS_META_DATA, FIELD_LAYOUT_GRID_POSITION) VALUES
  (82, 'crudClassMetaData', true, true, null, 7.0, 56, null);
INSERT INTO CRUD_META_FORM_DATA (ID, PROPERTY, EDITABLE, VISIBLE, DECORATOR, ORDER_NUMBER, CRUD_CLASS_META_DATA, FIELD_LAYOUT_GRID_POSITION) VALUES
  (83, 'bingingProperties', true, true, null, 8.0, 56, null);
INSERT INTO CRUD_META_FORM_DATA (ID, PROPERTY, EDITABLE, VISIBLE, DECORATOR, ORDER_NUMBER, CRUD_CLASS_META_DATA, FIELD_LAYOUT_GRID_POSITION) VALUES
  (84, 'customerId', true, true, null, 1.0, 58, null);
INSERT INTO CRUD_META_FORM_DATA (ID, PROPERTY, EDITABLE, VISIBLE, DECORATOR, ORDER_NUMBER, CRUD_CLASS_META_DATA, FIELD_LAYOUT_GRID_POSITION) VALUES
  (85, 'companyName', true, true, null, 2.0, 58, null);
INSERT INTO CRUD_META_FORM_DATA (ID, PROPERTY, EDITABLE, VISIBLE, DECORATOR, ORDER_NUMBER, CRUD_CLASS_META_DATA, FIELD_LAYOUT_GRID_POSITION) VALUES
  (86, 'street', true, true, null, 3.0, 58, null);
INSERT INTO CRUD_META_FORM_DATA (ID, PROPERTY, EDITABLE, VISIBLE, DECORATOR, ORDER_NUMBER, CRUD_CLASS_META_DATA, FIELD_LAYOUT_GRID_POSITION) VALUES
  (87, 'street2', true, true, null, 4.0, 58, null);
INSERT INTO CRUD_META_FORM_DATA (ID, PROPERTY, EDITABLE, VISIBLE, DECORATOR, ORDER_NUMBER, CRUD_CLASS_META_DATA, FIELD_LAYOUT_GRID_POSITION) VALUES
  (88, 'postcode', true, true, null, 5.0, 58, null);
INSERT INTO CRUD_META_FORM_DATA (ID, PROPERTY, EDITABLE, VISIBLE, DECORATOR, ORDER_NUMBER, CRUD_CLASS_META_DATA, FIELD_LAYOUT_GRID_POSITION) VALUES
  (89, 'country', true, true, null, 6.0, 58, null);
INSERT INTO CRUD_META_FORM_DATA (ID, PROPERTY, EDITABLE, VISIBLE, DECORATOR, ORDER_NUMBER, CRUD_CLASS_META_DATA, FIELD_LAYOUT_GRID_POSITION) VALUES
  (90, 'city', true, true, null, 7.0, 58, null);
INSERT INTO CRUD_META_FORM_DATA (ID, PROPERTY, EDITABLE, VISIBLE, DECORATOR, ORDER_NUMBER, CRUD_CLASS_META_DATA, FIELD_LAYOUT_GRID_POSITION) VALUES
  (91, 'vatid', true, true, null, 8.0, 58, null);
INSERT INTO CRUD_META_FORM_DATA (ID, PROPERTY, EDITABLE, VISIBLE, DECORATOR, ORDER_NUMBER, CRUD_CLASS_META_DATA, FIELD_LAYOUT_GRID_POSITION) VALUES
  (92, 'contacts', true, true, null, 9.0, 58, null);
INSERT INTO CRUD_META_FORM_DATA (ID, PROPERTY, EDITABLE, VISIBLE, DECORATOR, ORDER_NUMBER, CRUD_CLASS_META_DATA, FIELD_LAYOUT_GRID_POSITION) VALUES
  (93, 'users', true, true, null, 10.0, 58, null);
INSERT INTO CRUD_META_FORM_DATA (ID, PROPERTY, EDITABLE, VISIBLE, DECORATOR, ORDER_NUMBER, CRUD_CLASS_META_DATA, FIELD_LAYOUT_GRID_POSITION) VALUES
  (94, 'parentCustomer', true, true, null, 11.0, 58, null);
INSERT INTO CRUD_META_FORM_DATA (ID, PROPERTY, EDITABLE, VISIBLE, DECORATOR, ORDER_NUMBER, CRUD_CLASS_META_DATA, FIELD_LAYOUT_GRID_POSITION) VALUES
  (95, 'name', true, true, null, 1.0, 61, null);
INSERT INTO CRUD_META_FORM_DATA (ID, PROPERTY, EDITABLE, VISIBLE, DECORATOR, ORDER_NUMBER, CRUD_CLASS_META_DATA, FIELD_LAYOUT_GRID_POSITION) VALUES
  (96, 'name', true, true, null, 1.0, 62, null);
INSERT INTO CRUD_META_FORM_DATA (ID, PROPERTY, EDITABLE, VISIBLE, DECORATOR, ORDER_NUMBER, CRUD_CLASS_META_DATA, FIELD_LAYOUT_GRID_POSITION) VALUES
  (97, 'description', true, true, null, 2.0, 62, null);
INSERT INTO CRUD_META_FORM_DATA (ID, PROPERTY, EDITABLE, VISIBLE, DECORATOR, ORDER_NUMBER, CRUD_CLASS_META_DATA, FIELD_LAYOUT_GRID_POSITION) VALUES
  (98, 'type', true, true, null, 3.0, 62, null);
INSERT INTO CRUD_META_FORM_DATA (ID, PROPERTY, EDITABLE, VISIBLE, DECORATOR, ORDER_NUMBER, CRUD_CLASS_META_DATA, FIELD_LAYOUT_GRID_POSITION) VALUES
  (99, 'dashboard', true, true, null, 4.0, 62, null);
INSERT INTO CRUD_META_FORM_DATA (ID, PROPERTY, EDITABLE, VISIBLE, DECORATOR, ORDER_NUMBER, CRUD_CLASS_META_DATA, FIELD_LAYOUT_GRID_POSITION) VALUES
  (100, 'width', true, true, null, 5.0, 62, null);
INSERT INTO CRUD_META_FORM_DATA (ID, PROPERTY, EDITABLE, VISIBLE, DECORATOR, ORDER_NUMBER, CRUD_CLASS_META_DATA, FIELD_LAYOUT_GRID_POSITION) VALUES
  (101, 'height', true, true, null, 6.0, 62, null);
INSERT INTO CRUD_META_FORM_DATA (ID, PROPERTY, EDITABLE, VISIBLE, DECORATOR, ORDER_NUMBER, CRUD_CLASS_META_DATA, FIELD_LAYOUT_GRID_POSITION) VALUES
  (102, 'order', true, true, null, 7.0, 62, null);
INSERT INTO CRUD_META_FORM_DATA (ID, PROPERTY, EDITABLE, VISIBLE, DECORATOR, ORDER_NUMBER, CRUD_CLASS_META_DATA, FIELD_LAYOUT_GRID_POSITION) VALUES
  (103, 'name', true, true, null, 1.0, 63, null);
INSERT INTO CRUD_META_FORM_DATA (ID, PROPERTY, EDITABLE, VISIBLE, DECORATOR, ORDER_NUMBER, CRUD_CLASS_META_DATA, FIELD_LAYOUT_GRID_POSITION) VALUES
  (104, 'type', true, true, null, 2.0, 63, null);
INSERT INTO CRUD_META_FORM_DATA (ID, PROPERTY, EDITABLE, VISIBLE, DECORATOR, ORDER_NUMBER, CRUD_CLASS_META_DATA, FIELD_LAYOUT_GRID_POSITION) VALUES
  (105, 'kind', true, true, null, 3.0, 63, null);

INSERT INTO CRUD_META_GRID_DATA (ID, PROPERTY, EDITABLE, VISIBLE, DECORATOR, ORDER_NUMBER, CRUD_CLASS_META_DATA, COLUMN_WIDTH) VALUES
  (106, 'fromProperty', true, true, null, 1.0, 60, null);
INSERT INTO CRUD_META_GRID_DATA (ID, PROPERTY, EDITABLE, VISIBLE, DECORATOR, ORDER_NUMBER, CRUD_CLASS_META_DATA, COLUMN_WIDTH) VALUES
  (107, 'toProperty', true, true, null, 2.0, 60, null);
INSERT INTO CRUD_META_GRID_DATA (ID, PROPERTY, EDITABLE, VISIBLE, DECORATOR, ORDER_NUMBER, CRUD_CLASS_META_DATA, COLUMN_WIDTH) VALUES
  (108, 'combineOperator', true, true, null, 3.0, 60, null);
INSERT INTO CRUD_META_GRID_DATA (ID, PROPERTY, EDITABLE, VISIBLE, DECORATOR, ORDER_NUMBER, CRUD_CLASS_META_DATA, COLUMN_WIDTH) VALUES
  (109, 'operator', true, true, null, 4.0, 60, null);
INSERT INTO CRUD_META_GRID_DATA (ID, PROPERTY, EDITABLE, VISIBLE, DECORATOR, ORDER_NUMBER, CRUD_CLASS_META_DATA, COLUMN_WIDTH) VALUES
  (110, 'columnWidth', true, true, null, 1.0, 55, null);
INSERT INTO CRUD_META_GRID_DATA (ID, PROPERTY, EDITABLE, VISIBLE, DECORATOR, ORDER_NUMBER, CRUD_CLASS_META_DATA, COLUMN_WIDTH) VALUES
  (111, 'property', true, true, null, 2.0, 55, null);
INSERT INTO CRUD_META_GRID_DATA (ID, PROPERTY, EDITABLE, VISIBLE, DECORATOR, ORDER_NUMBER, CRUD_CLASS_META_DATA, COLUMN_WIDTH) VALUES
  (112, 'editable', true, true, null, 3.0, 55, null);
INSERT INTO CRUD_META_GRID_DATA (ID, PROPERTY, EDITABLE, VISIBLE, DECORATOR, ORDER_NUMBER, CRUD_CLASS_META_DATA, COLUMN_WIDTH) VALUES
  (113, 'visible', true, true, null, 4.0, 55, null);
INSERT INTO CRUD_META_GRID_DATA (ID, PROPERTY, EDITABLE, VISIBLE, DECORATOR, ORDER_NUMBER, CRUD_CLASS_META_DATA, COLUMN_WIDTH) VALUES
  (114, 'decorator', true, true, null, 5.0, 55, null);
INSERT INTO CRUD_META_GRID_DATA (ID, PROPERTY, EDITABLE, VISIBLE, DECORATOR, ORDER_NUMBER, CRUD_CLASS_META_DATA, COLUMN_WIDTH) VALUES
  (115, 'order', true, true, null, 6.0, 55, null);
INSERT INTO CRUD_META_GRID_DATA (ID, PROPERTY, EDITABLE, VISIBLE, DECORATOR, ORDER_NUMBER, CRUD_CLASS_META_DATA, COLUMN_WIDTH) VALUES
  (116, 'crudClassMetaData', true, true, null, 7.0, 55, null);
INSERT INTO CRUD_META_GRID_DATA (ID, PROPERTY, EDITABLE, VISIBLE, DECORATOR, ORDER_NUMBER, CRUD_CLASS_META_DATA, COLUMN_WIDTH) VALUES
  (117, 'bingingProperties', true, true, null, 8.0, 55, null);
INSERT INTO CRUD_META_GRID_DATA (ID, PROPERTY, EDITABLE, VISIBLE, DECORATOR, ORDER_NUMBER, CRUD_CLASS_META_DATA, COLUMN_WIDTH) VALUES
  (118, 'fieldLayoutGridPosition', true, true, null, 1.0, 56, null);
INSERT INTO CRUD_META_GRID_DATA (ID, PROPERTY, EDITABLE, VISIBLE, DECORATOR, ORDER_NUMBER, CRUD_CLASS_META_DATA, COLUMN_WIDTH) VALUES
  (119, 'property', true, true, null, 2.0, 56, null);
INSERT INTO CRUD_META_GRID_DATA (ID, PROPERTY, EDITABLE, VISIBLE, DECORATOR, ORDER_NUMBER, CRUD_CLASS_META_DATA, COLUMN_WIDTH) VALUES
  (120, 'editable', true, true, null, 3.0, 56, null);
INSERT INTO CRUD_META_GRID_DATA (ID, PROPERTY, EDITABLE, VISIBLE, DECORATOR, ORDER_NUMBER, CRUD_CLASS_META_DATA, COLUMN_WIDTH) VALUES
  (121, 'visible', true, true, null, 4.0, 56, null);
INSERT INTO CRUD_META_GRID_DATA (ID, PROPERTY, EDITABLE, VISIBLE, DECORATOR, ORDER_NUMBER, CRUD_CLASS_META_DATA, COLUMN_WIDTH) VALUES
  (122, 'decorator', true, true, null, 5.0, 56, null);
INSERT INTO CRUD_META_GRID_DATA (ID, PROPERTY, EDITABLE, VISIBLE, DECORATOR, ORDER_NUMBER, CRUD_CLASS_META_DATA, COLUMN_WIDTH) VALUES
  (123, 'order', true, true, null, 6.0, 56, null);
INSERT INTO CRUD_META_GRID_DATA (ID, PROPERTY, EDITABLE, VISIBLE, DECORATOR, ORDER_NUMBER, CRUD_CLASS_META_DATA, COLUMN_WIDTH) VALUES
  (124, 'crudClassMetaData', true, true, null, 7.0, 56, null);
INSERT INTO CRUD_META_GRID_DATA (ID, PROPERTY, EDITABLE, VISIBLE, DECORATOR, ORDER_NUMBER, CRUD_CLASS_META_DATA, COLUMN_WIDTH) VALUES
  (125, 'bingingProperties', true, true, null, 8.0, 56, null);
INSERT INTO CRUD_META_GRID_DATA (ID, PROPERTY, EDITABLE, VISIBLE, DECORATOR, ORDER_NUMBER, CRUD_CLASS_META_DATA, COLUMN_WIDTH) VALUES
  (126, 'customerId', true, true, null, 1.0, 58, null);
INSERT INTO CRUD_META_GRID_DATA (ID, PROPERTY, EDITABLE, VISIBLE, DECORATOR, ORDER_NUMBER, CRUD_CLASS_META_DATA, COLUMN_WIDTH) VALUES
  (127, 'companyName', true, true, null, 2.0, 58, null);
INSERT INTO CRUD_META_GRID_DATA (ID, PROPERTY, EDITABLE, VISIBLE, DECORATOR, ORDER_NUMBER, CRUD_CLASS_META_DATA, COLUMN_WIDTH) VALUES
  (128, 'street', true, true, null, 3.0, 58, null);
INSERT INTO CRUD_META_GRID_DATA (ID, PROPERTY, EDITABLE, VISIBLE, DECORATOR, ORDER_NUMBER, CRUD_CLASS_META_DATA, COLUMN_WIDTH) VALUES
  (129, 'street2', true, true, null, 4.0, 58, null);
INSERT INTO CRUD_META_GRID_DATA (ID, PROPERTY, EDITABLE, VISIBLE, DECORATOR, ORDER_NUMBER, CRUD_CLASS_META_DATA, COLUMN_WIDTH) VALUES
  (130, 'postcode', true, true, null, 5.0, 58, null);
INSERT INTO CRUD_META_GRID_DATA (ID, PROPERTY, EDITABLE, VISIBLE, DECORATOR, ORDER_NUMBER, CRUD_CLASS_META_DATA, COLUMN_WIDTH) VALUES
  (131, 'country', true, true, null, 6.0, 58, null);
INSERT INTO CRUD_META_GRID_DATA (ID, PROPERTY, EDITABLE, VISIBLE, DECORATOR, ORDER_NUMBER, CRUD_CLASS_META_DATA, COLUMN_WIDTH) VALUES
  (132, 'city', true, true, null, 7.0, 58, null);
INSERT INTO CRUD_META_GRID_DATA (ID, PROPERTY, EDITABLE, VISIBLE, DECORATOR, ORDER_NUMBER, CRUD_CLASS_META_DATA, COLUMN_WIDTH) VALUES
  (133, 'vatid', true, true, null, 8.0, 58, null);
INSERT INTO CRUD_META_GRID_DATA (ID, PROPERTY, EDITABLE, VISIBLE, DECORATOR, ORDER_NUMBER, CRUD_CLASS_META_DATA, COLUMN_WIDTH) VALUES
  (134, 'contacts', true, true, null, 9.0, 58, null);
INSERT INTO CRUD_META_GRID_DATA (ID, PROPERTY, EDITABLE, VISIBLE, DECORATOR, ORDER_NUMBER, CRUD_CLASS_META_DATA, COLUMN_WIDTH) VALUES
  (135, 'users', true, true, null, 10.0, 58, null);
INSERT INTO CRUD_META_GRID_DATA (ID, PROPERTY, EDITABLE, VISIBLE, DECORATOR, ORDER_NUMBER, CRUD_CLASS_META_DATA, COLUMN_WIDTH) VALUES
  (136, 'parentCustomer', true, true, null, 11.0, 58, null);

INSERT INTO META_DATA_BINDING_PARAMETER (ID, FROM_PROPERTY, TO_PROPERTY, OPERATOR, COMBINE_OPERATOR) VALUES
  (137, 'customer', '@rid', 'EQUALS', 'OR');

INSERT INTO CUSTOMER (ID, CUSTOMER_ID, COMPANY_NAME, STREET, STREET2, POSTCODE, COUNTRY, CITY, VATID) VALUES
  (138, 1.0, 'SMSC', 'Amtsgericht', 'Amtsgericht', '3254', 'Germany', 'Stuttgart', 5672394.0);

INSERT INTO CUSTOMER_USER(CUSTOMER_ID, USER_ID) VALUES
  (138,1);

INSERT INTO CUSTOMER_USER(CUSTOMER_ID, USER_ID) VALUES
  (138,2);

INSERT INTO CUSTOMER_CONTACT (ID, FIRST_NAME, SURNAME, PHONE, MOBILE_PHONE, FAX, EMAIL_ADDRESS, CUSTOMER, SALUTATION, TYPE) VALUES
  (139, 'SMSC', 'SMSC', '0674329568', '0504569753', 'fake_fax', 'smsc@bulk.io', 138, 'MR', 'CEO');

INSERT INTO DASHBOARD (ID, NAME, ICON, USER_ACCOUNT) VALUES
  (140, 'default', 'user', 1);

INSERT INTO DASHBOARD_BOX_TYPE (ID, NAME, TYPE, KIND) VALUES
  (141, 'Ivan feeds', 'STATUS', 'FEEDBACK_STATUS');
INSERT INTO DASHBOARD_BOX_TYPE (ID, NAME, TYPE, KIND) VALUES
  (142, 'Petia profit', 'CHART', 'PIE_CHART');
INSERT INTO DASHBOARD_BOX_TYPE (ID, NAME, TYPE, KIND) VALUES
  (143, 'Rusia chart profit', 'CHART', 'SERIAL_CHART');
INSERT INTO DASHBOARD_BOX_TYPE (ID, NAME, TYPE, KIND) VALUES
  (144, 'Ivan chart profit', 'CHART', 'LINE_CHART');
INSERT INTO DASHBOARD_BOX_TYPE (ID, NAME, TYPE, KIND) VALUES
  (145, 'Kolia chart profit', 'CHART', 'BAR_CHART');
INSERT INTO DASHBOARD_BOX_TYPE (ID, NAME, TYPE, KIND) VALUES
  (146, 'Masha bubble chartat', 'CHART', 'BUBBLE_CHART');

INSERT INTO DASHBOARD_BOX (ID, WIDTH, HEIGHT, ORDER_NUMBER, NAME, DESCRIPTION, DASHBOARD, DASHBOARD_BOX_TYPE) VALUES
  (147, 'WIDTH_25', 'HEIGHT_25', 1, 'Box 1',  'Box 1 desc', 140, 141);
INSERT INTO DASHBOARD_BOX (ID, WIDTH, HEIGHT, ORDER_NUMBER, NAME, DESCRIPTION, DASHBOARD, DASHBOARD_BOX_TYPE) VALUES
  (148, 'WIDTH_25', 'HEIGHT_25', 2, 'Box 2',  'Box 2 desc', 140, 141);
INSERT INTO DASHBOARD_BOX (ID, WIDTH, HEIGHT, ORDER_NUMBER, NAME, DESCRIPTION, DASHBOARD, DASHBOARD_BOX_TYPE) VALUES
  (149, 'WIDTH_25', 'HEIGHT_25', 3, 'Box 3',  'Box 3 desc', 140, 141);
INSERT INTO DASHBOARD_BOX (ID, WIDTH, HEIGHT, ORDER_NUMBER, NAME, DESCRIPTION, DASHBOARD, DASHBOARD_BOX_TYPE) VALUES
  (150, 'WIDTH_25', 'HEIGHT_25', 4, 'Box 4',  'Box 4 desc', 140, 141);
INSERT INTO DASHBOARD_BOX (ID, WIDTH, HEIGHT, ORDER_NUMBER, NAME, DESCRIPTION, DASHBOARD, DASHBOARD_BOX_TYPE) VALUES
  (151, 'WIDTH_50', 'HEIGHT_50', 5, 'Box 5',  'Box 5 desc', 140, 142);
INSERT INTO DASHBOARD_BOX (ID, WIDTH, HEIGHT, ORDER_NUMBER, NAME, DESCRIPTION, DASHBOARD, DASHBOARD_BOX_TYPE) VALUES
  (152, 'WIDTH_50', 'HEIGHT_50', 6, 'Box 6',  'Box 6 desc', 140, 143);
INSERT INTO DASHBOARD_BOX (ID, WIDTH, HEIGHT, ORDER_NUMBER, NAME, DESCRIPTION, DASHBOARD, DASHBOARD_BOX_TYPE) VALUES
  (153, 'WIDTH_50', 'HEIGHT_50', 7, 'Box 7',  'Box 7 desc', 140, 144);
INSERT INTO DASHBOARD_BOX (ID, WIDTH, HEIGHT, ORDER_NUMBER, NAME, DESCRIPTION, DASHBOARD, DASHBOARD_BOX_TYPE) VALUES
  (154, 'WIDTH_50', 'HEIGHT_50', 8, 'Box 8',  'Box 8 desc', 140, 145);
INSERT INTO DASHBOARD_BOX (ID, WIDTH, HEIGHT, ORDER_NUMBER, NAME, DESCRIPTION, DASHBOARD, DASHBOARD_BOX_TYPE) VALUES
  (155, 'WIDTH_50', 'HEIGHT_50', 9, 'Box 9',  'Box 9 desc', 140, 146);

