INSERT INTO USER_ACCOUNT (ID, USERNAME, PASSWORD, SALT, FIRST_NAME, SURNAME, EMAIL) VALUES
  (1, 'User', '541338d92cd0dbf230d7e7666dd99adaea8da7a478f5456947c2445aecea0b1a', 'ad68dc115126d9d1', 'userName', 'userSurname', 'user@gmail.com');
INSERT INTO USER_ACCOUNT (ID, USERNAME, PASSWORD, SALT, FIRST_NAME, SURNAME, EMAIL) VALUES
  (2, 'Admin', 'b03209e6c608cdf3753ab36449703abeab6aa7aab628e569b37a55381d4aa021', '94bd6b18b8f70298', 'adminName', 'adminSurname', 'admin@gmail.com');


INSERT INTO ROLE (ID, NAME) VALUES
  (3, 'USER');
INSERT INTO ROLE (ID, NAME) VALUES
  (4, 'ADMIN');


INSERT INTO PERMISSION (ID, NAME) VALUES
  (5, 'READ_USER');
INSERT INTO PERMISSION (ID, NAME) VALUES
  (6, 'UPDATE_USER');
INSERT INTO PERMISSION (ID, NAME) VALUES
  (7, 'CREATE_USER');
INSERT INTO PERMISSION (ID, NAME) VALUES
  (8, 'DELETE_USER');
INSERT INTO PERMISSION (ID, NAME) VALUES
  (9, 'READ_OWN_USER');
INSERT INTO PERMISSION (ID, NAME) VALUES
  (10, 'UPDATE_OWN_USER');


INSERT INTO USER_ROLE (USER_ID, ROLE_ID) VALUES
  (1, 3);
INSERT INTO USER_ROLE (USER_ID, ROLE_ID) VALUES
  (2, 4);


INSERT INTO ROLE_PERMISSION (ROLE_ID, PERMISSION_ID) VALUES
  (3, 9);
INSERT INTO ROLE_PERMISSION (ROLE_ID, PERMISSION_ID) VALUES
  (3, 10);
INSERT INTO ROLE_PERMISSION (ROLE_ID, PERMISSION_ID) VALUES
  (4, 5);
INSERT INTO ROLE_PERMISSION (ROLE_ID, PERMISSION_ID) VALUES
  (4, 6);
INSERT INTO ROLE_PERMISSION (ROLE_ID, PERMISSION_ID) VALUES
  (4, 7);
INSERT INTO ROLE_PERMISSION (ROLE_ID, PERMISSION_ID) VALUES
  (4, 8);
INSERT INTO ROLE_PERMISSION (ROLE_ID, PERMISSION_ID) VALUES
  (4, 9);
INSERT INTO ROLE_PERMISSION (ROLE_ID, PERMISSION_ID) VALUES
  (4, 10);


INSERT INTO CRUD_CLASS_META_DATA (ID, CLASS_NAME, TITLE_COLUMNS, EDITABLE, QUERY_NAME) VALUES
  (11, 'CrudMetaGridData', 'columnWidth', true, null);
INSERT INTO CRUD_CLASS_META_DATA (ID, CLASS_NAME, TITLE_COLUMNS, EDITABLE, QUERY_NAME) VALUES
  (12, 'CrudMetaFormData', 'fieldLayoutGridPosition', true, null);
INSERT INTO CRUD_CLASS_META_DATA (ID, CLASS_NAME, TITLE_COLUMNS, EDITABLE, QUERY_NAME) VALUES
  (13, 'CrudClassMetaData', 'class', true, null);
INSERT INTO CRUD_CLASS_META_DATA (ID, CLASS_NAME, TITLE_COLUMNS, EDITABLE, QUERY_NAME) VALUES
  (14, 'MetaDataPropertyBindingParameter', 'operator', true, null);


INSERT INTO CRUD_META_GRID_DATA (ID, PROPERTY, EDITABLE, VISIBLE, DECORATOR, ORDER_NUMBER, CRUD_CLASS_META_DATA, COLUMN_WIDTH) VALUES
  (15, 'fromProperty', true, true, null, 1.0, 14, null);
INSERT INTO CRUD_META_GRID_DATA (ID, PROPERTY, EDITABLE, VISIBLE, DECORATOR, ORDER_NUMBER, CRUD_CLASS_META_DATA, COLUMN_WIDTH) VALUES
  (16, 'toProperty', true, true, null, 2.0, 14, null);
INSERT INTO CRUD_META_GRID_DATA (ID, PROPERTY, EDITABLE, VISIBLE, DECORATOR, ORDER_NUMBER, CRUD_CLASS_META_DATA, COLUMN_WIDTH) VALUES
  (17, 'combineOperator', true, true, null, 3.0, 14, null);
INSERT INTO CRUD_META_GRID_DATA (ID, PROPERTY, EDITABLE, VISIBLE, DECORATOR, ORDER_NUMBER, CRUD_CLASS_META_DATA, COLUMN_WIDTH) VALUES
  (18, 'operator', true, true, null, 4.0, 14, null);
INSERT INTO CRUD_META_GRID_DATA (ID, PROPERTY, EDITABLE, VISIBLE, DECORATOR, ORDER_NUMBER, CRUD_CLASS_META_DATA, COLUMN_WIDTH) VALUES
  (19, 'columnWidth', true, true, null, 1.0, 11, null);
INSERT INTO CRUD_META_GRID_DATA (ID, PROPERTY, EDITABLE, VISIBLE, DECORATOR, ORDER_NUMBER, CRUD_CLASS_META_DATA, COLUMN_WIDTH) VALUES
  (20, 'property', true, true, null, 2.0, 11, null);
INSERT INTO CRUD_META_GRID_DATA (ID, PROPERTY, EDITABLE, VISIBLE, DECORATOR, ORDER_NUMBER, CRUD_CLASS_META_DATA, COLUMN_WIDTH) VALUES
  (21, 'editable', true, true, null, 3.0, 11, null);
INSERT INTO CRUD_META_GRID_DATA (ID, PROPERTY, EDITABLE, VISIBLE, DECORATOR, ORDER_NUMBER, CRUD_CLASS_META_DATA, COLUMN_WIDTH) VALUES
  (22, 'visible', true, true, null, 4.0, 11, null);
INSERT INTO CRUD_META_GRID_DATA (ID, PROPERTY, EDITABLE, VISIBLE, DECORATOR, ORDER_NUMBER, CRUD_CLASS_META_DATA, COLUMN_WIDTH) VALUES
  (23, 'decorator', true, true, null, 5.0, 11, null);
INSERT INTO CRUD_META_GRID_DATA (ID, PROPERTY, EDITABLE, VISIBLE, DECORATOR, ORDER_NUMBER, CRUD_CLASS_META_DATA, COLUMN_WIDTH) VALUES
  (24, 'order', true, true, null, 6.0, 11, null);
INSERT INTO CRUD_META_GRID_DATA (ID, PROPERTY, EDITABLE, VISIBLE, DECORATOR, ORDER_NUMBER, CRUD_CLASS_META_DATA, COLUMN_WIDTH) VALUES
  (25, 'crudClassMetaData', true, true, null, 7.0, 11, null);
INSERT INTO CRUD_META_GRID_DATA (ID, PROPERTY, EDITABLE, VISIBLE, DECORATOR, ORDER_NUMBER, CRUD_CLASS_META_DATA, COLUMN_WIDTH) VALUES
  (26, 'bingingProperties', true, true, null, 8.0, 11, null);
INSERT INTO CRUD_META_GRID_DATA (ID, PROPERTY, EDITABLE, VISIBLE, DECORATOR, ORDER_NUMBER, CRUD_CLASS_META_DATA, COLUMN_WIDTH) VALUES
  (27, 'fieldLayoutGridPosition', true, true, null, 1.0, 12, null);
INSERT INTO CRUD_META_GRID_DATA (ID, PROPERTY, EDITABLE, VISIBLE, DECORATOR, ORDER_NUMBER, CRUD_CLASS_META_DATA, COLUMN_WIDTH) VALUES
  (28, 'property', true, true, null, 2.0, 12, null);
INSERT INTO CRUD_META_GRID_DATA (ID, PROPERTY, EDITABLE, VISIBLE, DECORATOR, ORDER_NUMBER, CRUD_CLASS_META_DATA, COLUMN_WIDTH) VALUES
  (29, 'editable', true, true, null, 3.0, 12, null);
INSERT INTO CRUD_META_GRID_DATA (ID, PROPERTY, EDITABLE, VISIBLE, DECORATOR, ORDER_NUMBER, CRUD_CLASS_META_DATA, COLUMN_WIDTH) VALUES
  (30, 'visible', true, true, null, 4.0, 12, null);
INSERT INTO CRUD_META_GRID_DATA (ID, PROPERTY, EDITABLE, VISIBLE, DECORATOR, ORDER_NUMBER, CRUD_CLASS_META_DATA, COLUMN_WIDTH) VALUES
  (31, 'decorator', true, true, null, 5.0, 12, null);
INSERT INTO CRUD_META_GRID_DATA (ID, PROPERTY, EDITABLE, VISIBLE, DECORATOR, ORDER_NUMBER, CRUD_CLASS_META_DATA, COLUMN_WIDTH) VALUES
  (32, 'order', true, true, null, 6.0, 12, null);
INSERT INTO CRUD_META_GRID_DATA (ID, PROPERTY, EDITABLE, VISIBLE, DECORATOR, ORDER_NUMBER, CRUD_CLASS_META_DATA, COLUMN_WIDTH) VALUES
  (33, 'crudClassMetaData', true, true, null, 7.0, 12, null);
INSERT INTO CRUD_META_GRID_DATA (ID, PROPERTY, EDITABLE, VISIBLE, DECORATOR, ORDER_NUMBER, CRUD_CLASS_META_DATA, COLUMN_WIDTH) VALUES
  (34, 'bingingProperties', true, true, null, 8.0, 12, null);


INSERT INTO CRUD_META_FORM_DATA (ID, PROPERTY, EDITABLE, VISIBLE, DECORATOR, ORDER_NUMBER, CRUD_CLASS_META_DATA, FIELD_LAYOUT_GRID_POSITION) VALUES
  (35, 'fromProperty', true, true, null, 1.0, 14, null);
INSERT INTO CRUD_META_FORM_DATA (ID, PROPERTY, EDITABLE, VISIBLE, DECORATOR, ORDER_NUMBER, CRUD_CLASS_META_DATA, FIELD_LAYOUT_GRID_POSITION) VALUES
  (36, 'toProperty', true, true, null, 2.0, 14, null);
INSERT INTO CRUD_META_FORM_DATA (ID, PROPERTY, EDITABLE, VISIBLE, DECORATOR, ORDER_NUMBER, CRUD_CLASS_META_DATA, FIELD_LAYOUT_GRID_POSITION) VALUES
  (37, 'combineOperator', true, true, null, 3.0, 14, null);
INSERT INTO CRUD_META_FORM_DATA (ID, PROPERTY, EDITABLE, VISIBLE, DECORATOR, ORDER_NUMBER, CRUD_CLASS_META_DATA, FIELD_LAYOUT_GRID_POSITION) VALUES
  (38, 'operator', true, true, null, 4.0, 14, null);
INSERT INTO CRUD_META_FORM_DATA (ID, PROPERTY, EDITABLE, VISIBLE, DECORATOR, ORDER_NUMBER, CRUD_CLASS_META_DATA, FIELD_LAYOUT_GRID_POSITION) VALUES
  (39, 'columnWidth', true, true, null, 1.0, 11, null);
INSERT INTO CRUD_META_FORM_DATA (ID, PROPERTY, EDITABLE, VISIBLE, DECORATOR, ORDER_NUMBER, CRUD_CLASS_META_DATA, FIELD_LAYOUT_GRID_POSITION) VALUES
  (40, 'property', true, true, null, 2.0, 11, null);
INSERT INTO CRUD_META_FORM_DATA (ID, PROPERTY, EDITABLE, VISIBLE, DECORATOR, ORDER_NUMBER, CRUD_CLASS_META_DATA, FIELD_LAYOUT_GRID_POSITION) VALUES
  (41, 'editable', true, true, null, 3.0, 11, null);
INSERT INTO CRUD_META_FORM_DATA (ID, PROPERTY, EDITABLE, VISIBLE, DECORATOR, ORDER_NUMBER, CRUD_CLASS_META_DATA, FIELD_LAYOUT_GRID_POSITION) VALUES
  (42, 'visible', true, true, null, 4.0, 11, null);
INSERT INTO CRUD_META_FORM_DATA (ID, PROPERTY, EDITABLE, VISIBLE, DECORATOR, ORDER_NUMBER, CRUD_CLASS_META_DATA, FIELD_LAYOUT_GRID_POSITION) VALUES
  (43, 'decorator', true, true, null, 5.0, 11, null);
INSERT INTO CRUD_META_FORM_DATA (ID, PROPERTY, EDITABLE, VISIBLE, DECORATOR, ORDER_NUMBER, CRUD_CLASS_META_DATA, FIELD_LAYOUT_GRID_POSITION) VALUES
  (44, 'order', true, true, null, 6.0, 11, null);
INSERT INTO CRUD_META_FORM_DATA (ID, PROPERTY, EDITABLE, VISIBLE, DECORATOR, ORDER_NUMBER, CRUD_CLASS_META_DATA, FIELD_LAYOUT_GRID_POSITION) VALUES
  (45, 'crudClassMetaData', true, true, null, 7.0, 11, null);
INSERT INTO CRUD_META_FORM_DATA (ID, PROPERTY, EDITABLE, VISIBLE, DECORATOR, ORDER_NUMBER, CRUD_CLASS_META_DATA, FIELD_LAYOUT_GRID_POSITION) VALUES
  (46, 'bingingProperties', true, true, null, 8.0, 11, null);
INSERT INTO CRUD_META_FORM_DATA (ID, PROPERTY, EDITABLE, VISIBLE, DECORATOR, ORDER_NUMBER, CRUD_CLASS_META_DATA, FIELD_LAYOUT_GRID_POSITION) VALUES
  (47, 'fieldLayoutGridPosition', true, true, null, 1.0, 12, null);
INSERT INTO CRUD_META_FORM_DATA (ID, PROPERTY, EDITABLE, VISIBLE, DECORATOR, ORDER_NUMBER, CRUD_CLASS_META_DATA, FIELD_LAYOUT_GRID_POSITION) VALUES
  (48, 'property', true, true, null, 2.0, 12, null);
INSERT INTO CRUD_META_FORM_DATA (ID, PROPERTY, EDITABLE, VISIBLE, DECORATOR, ORDER_NUMBER, CRUD_CLASS_META_DATA, FIELD_LAYOUT_GRID_POSITION) VALUES
  (49, 'editable', true, true, null, 3.0, 12, null);
INSERT INTO CRUD_META_FORM_DATA (ID, PROPERTY, EDITABLE, VISIBLE, DECORATOR, ORDER_NUMBER, CRUD_CLASS_META_DATA, FIELD_LAYOUT_GRID_POSITION) VALUES
  (50, 'visible', true, true, null, 4.0, 12, null);
INSERT INTO CRUD_META_FORM_DATA (ID, PROPERTY, EDITABLE, VISIBLE, DECORATOR, ORDER_NUMBER, CRUD_CLASS_META_DATA, FIELD_LAYOUT_GRID_POSITION) VALUES
  (51, 'decorator', true, true, null, 5.0, 12, null);
INSERT INTO CRUD_META_FORM_DATA (ID, PROPERTY, EDITABLE, VISIBLE, DECORATOR, ORDER_NUMBER, CRUD_CLASS_META_DATA, FIELD_LAYOUT_GRID_POSITION) VALUES
  (52, 'order', true, true, null, 6.0, 12, null);
INSERT INTO CRUD_META_FORM_DATA (ID, PROPERTY, EDITABLE, VISIBLE, DECORATOR, ORDER_NUMBER, CRUD_CLASS_META_DATA, FIELD_LAYOUT_GRID_POSITION) VALUES
  (53, 'crudClassMetaData', true, true, null, 7.0, 12, null);
INSERT INTO CRUD_META_FORM_DATA (ID, PROPERTY, EDITABLE, VISIBLE, DECORATOR, ORDER_NUMBER, CRUD_CLASS_META_DATA, FIELD_LAYOUT_GRID_POSITION) VALUES
  (54, 'bingingProperties', true, true, null, 8.0, 12, null);


INSERT INTO META_DATA_PROPERTY_BINDING_PARAMETER (ID, FROM_PROPERTY, TO_PROPERTY) VALUES
  (55, 'from_default_property_1', 'to_default_property_1');
INSERT INTO META_DATA_PROPERTY_BINDING_PARAMETER( ID, FROM_PROPERTY, TO_PROPERTY) VALUES
  (56, 'from_default_property_2', 'to_default_property_2');
INSERT INTO META_DATA_PROPERTY_BINDING_PARAMETER (ID, FROM_PROPERTY, TO_PROPERTY) VALUES
  (57, 'from_default_property_3', 'to_default_property_3');
INSERT INTO META_DATA_PROPERTY_BINDING_PARAMETER (ID, FROM_PROPERTY, TO_PROPERTY) VALUES
  (58, 'from_default_property_4', 'to_default_property_4');


INSERT INTO META_DATA_PROPERTY_BINDING_PARAMETER_COMBINE_OPERATOR (META_DATA_PROPERTY_BINDING_PARAMETER_ID, COMBINE_OPERATOR) VALUES
  (55, 'AND');
INSERT INTO META_DATA_PROPERTY_BINDING_PARAMETER_COMBINE_OPERATOR (META_DATA_PROPERTY_BINDING_PARAMETER_ID, COMBINE_OPERATOR) VALUES
  (56, 'NOT');
INSERT INTO META_DATA_PROPERTY_BINDING_PARAMETER_COMBINE_OPERATOR (META_DATA_PROPERTY_BINDING_PARAMETER_ID, COMBINE_OPERATOR) VALUES
  (56, 'OR');
INSERT INTO META_DATA_PROPERTY_BINDING_PARAMETER_COMBINE_OPERATOR (META_DATA_PROPERTY_BINDING_PARAMETER_ID, COMBINE_OPERATOR) VALUES
  (57, 'OR');
INSERT INTO META_DATA_PROPERTY_BINDING_PARAMETER_COMBINE_OPERATOR (META_DATA_PROPERTY_BINDING_PARAMETER_ID, COMBINE_OPERATOR) VALUES
  (58, 'AND');
INSERT INTO META_DATA_PROPERTY_BINDING_PARAMETER_COMBINE_OPERATOR (META_DATA_PROPERTY_BINDING_PARAMETER_ID, COMBINE_OPERATOR) VALUES
  (58, 'OR');


INSERT INTO META_DATA_PROPERTY_BINDING_PARAMETER_OPERATOR (META_DATA_PROPERTY_BINDING_PARAMETER_ID, OPERATOR) VALUES
  (55, 'EQUALS');
INSERT INTO META_DATA_PROPERTY_BINDING_PARAMETER_OPERATOR (META_DATA_PROPERTY_BINDING_PARAMETER_ID, OPERATOR) VALUES
  (56, 'BETWEEN');
INSERT INTO META_DATA_PROPERTY_BINDING_PARAMETER_OPERATOR (META_DATA_PROPERTY_BINDING_PARAMETER_ID, OPERATOR) VALUES
  (56, 'INSTANCE_OF');
INSERT INTO META_DATA_PROPERTY_BINDING_PARAMETER_OPERATOR (META_DATA_PROPERTY_BINDING_PARAMETER_ID, OPERATOR) VALUES
  (57, 'IS');
INSERT INTO META_DATA_PROPERTY_BINDING_PARAMETER_OPERATOR (META_DATA_PROPERTY_BINDING_PARAMETER_ID, OPERATOR) VALUES
  (57, 'LIKE');
INSERT INTO META_DATA_PROPERTY_BINDING_PARAMETER_OPERATOR (META_DATA_PROPERTY_BINDING_PARAMETER_ID, OPERATOR) VALUES
  (57, 'MORE_OR_EQUALS');
INSERT INTO META_DATA_PROPERTY_BINDING_PARAMETER_OPERATOR (META_DATA_PROPERTY_BINDING_PARAMETER_ID, OPERATOR) VALUES
  (58, 'MORE');
INSERT INTO META_DATA_PROPERTY_BINDING_PARAMETER_OPERATOR (META_DATA_PROPERTY_BINDING_PARAMETER_ID, OPERATOR) VALUES
  (58, 'LESS_OR_EQUALS');
INSERT INTO META_DATA_PROPERTY_BINDING_PARAMETER_OPERATOR (META_DATA_PROPERTY_BINDING_PARAMETER_ID, OPERATOR) VALUES
  (58, 'MATCHES');
INSERT INTO META_DATA_PROPERTY_BINDING_PARAMETER_OPERATOR (META_DATA_PROPERTY_BINDING_PARAMETER_ID, OPERATOR) VALUES
  (58, 'MORE_OR_LESS');
INSERT INTO META_DATA_PROPERTY_BINDING_PARAMETER_OPERATOR (META_DATA_PROPERTY_BINDING_PARAMETER_ID, OPERATOR) VALUES
  (58, 'LESS');